{
  "__type__": "cc.SpriteFrame",
  "content": {
    "name": "tab_market",
    "atlas": "",
    "rect": {
      "x": 4,
      "y": 4,
      "width": 41,
      "height": 41
    },
    "offset": {
      "x": 0.5,
      "y": -0.5
    },
    "originalSize": {
      "width": 48,
      "height": 48
    },
    "rotated": false,
    "capInsets": [
      0,
      0,
      0,
      0
    ],
    "vertices": {
      "rawPosition": [
        -20.5,
        -20.5,
        0,
        20.5,
        -20.5,
        0,
        -20.5,
        20.5,
        0,
        20.5,
        20.5,
        0
      ],
      "indexes": [
        0,
        1,
        2,
        2,
        1,
        3
      ],
      "uv": [
        4,
        44,
        45,
        44,
        4,
        3,
        45,
        3
      ],
      "nuv": [
        0.08333333333333333,
        0.0625,
        0.9375,
        0.0625,
        0.08333333333333333,
        0.9166666666666666,
        0.9375,
        0.9166666666666666
      ],
      "minPos": {
        "x": -20.5,
        "y": -20.5,
        "z": 0
      },
      "maxPos": {
        "x": 20.5,
        "y": 20.5,
        "z": 0
      }
    },
    "texture": "67ed7649-b3f0-4d1a-8308-dbfe715a716f@6c48a",
    "packable": true,
    "pixelsToUnit": 100,
    "pivot": {
      "x": 0.5,
      "y": 0.5
    },
    "meshType": 0
  }
}