{
  "__version__": "1.0.3",
  "builder": {},
  "gizmos-infos": {
    "is2D": false,
    "is3DIcon": false,
    "iconSize": 2,
    "gridVisible": true,
    "originAxis2D": {
      "x_visible": true,
      "y_visible": true,
      "z_visible": false
    },
    "originAxis3D": {
      "x_visible": true,
      "y_visible": false,
      "z_visible": true
    },
    "gridColor": [
      166,
      166,
      166,
      255
    ],
    "transformToolName": "position",
    "pivot": "pivot",
    "coordinate": "local",
    "toolsVisibility3d": true
  },
  "snap-configs": {
    "position": {
      "x": 1,
      "y": 1,
      "z": 1
    },
    "rotation": 1,
    "scale": 1,
    "isPositionSnapEnabled": false,
    "isRotationSnapEnabled": false,
    "isScaleSnapEnabled": false
  },
  "rect-snap-configs": {
    "enableSnapping": true,
    "snapThreshold": 4
  },
  "camera-infos": {
    "90ccfb7c-ab5c-4af8-9384-fc7e4c0847f9": {
      "position": {
        "x": 17.122647617917636,
        "y": 17.122647617917636,
        "z": 17.122647617917636
      },
      "rotation": {
        "x": -0.27984814233312133,
        "y": 0.3647051996310009,
        "z": 0.11591689595929512,
        "w": 0.8804762392171493
      },
      "viewCenter": {
        "x": 0,
        "y": 0,
        "z": 0
      },
      "contentRect": {
        "x": 0,
        "y": 0,
        "width": 1064,
        "height": 838
      },
      "scale": 1
    },
    "0435c2c8-7306-4be5-8c0f-fc968f37206a": {
      "position": {
        "x": 17.122647617917636,
        "y": 17.122647617917636,
        "z": 17.122647617917636
      },
      "rotation": {
        "x": -0.27984814233312133,
        "y": 0.3647051996310009,
        "z": 0.11591689595929512,
        "w": 0.8804762392171493
      },
      "viewCenter": {
        "x": 0,
        "y": 0,
        "z": 0
      },
      "contentRect": {
        "x": 0,
        "y": 0,
        "width": 1064,
        "height": 838
      },
      "scale": 1
    },
    "f6e2e0ab-3494-4f51-9536-9fdbf1001057": {
      "position": {
        "x": 17.12264761912763,
        "y": 17.122647619127626,
        "z": 17.122647619127623
      },
      "rotation": {
        "x": -0.27984814233312133,
        "y": 0.3647051996310009,
        "z": 0.11591689595929512,
        "w": 0.8804762392171493
      },
      "viewCenter": {
        "x": 0,
        "y": 0,
        "z": 0
      },
      "contentRect": {
        "x": 0,
        "y": 0,
        "width": 1064,
        "height": 838
      },
      "scale": 1
    },
    "65d4bc48-b419-4630-b356-904fd6703453": {
      "position": {
        "x": 8.208683469588415,
        "y": 8.208683469588408,
        "z": 8.208683469588408
      },
      "rotation": {
        "x": -0.27984814233312133,
        "y": 0.3647051996310009,
        "z": 0.11591689595929512,
        "w": 0.8804762392171493
      },
      "viewCenter": {
        "x": 0,
        "y": 0,
        "z": 0
      },
      "contentRect": {
        "x": 0,
        "y": 0,
        "width": 1298,
        "height": 1748
      },
      "scale": 1
    },
    "04f89db5-bb7a-4ede-a8fd-8a3348e02110": {
      "position": {
        "x": 8.208683469588415,
        "y": 8.208683469588408,
        "z": 8.208683469588408
      },
      "rotation": {
        "x": -0.27984814233312133,
        "y": 0.3647051996310009,
        "z": 0.11591689595929512,
        "w": 0.8804762392171493
      },
      "viewCenter": {
        "x": 0,
        "y": 0,
        "z": 0
      },
      "contentRect": {
        "x": 0,
        "y": 0,
        "width": 1298,
        "height": 1748
      },
      "scale": 1
    },
    "b20d3549-fa3b-4e4e-acf1-b9f63136aad5": {
      "position": {
        "x": 8.208683469588415,
        "y": 8.208683469588408,
        "z": 8.208683469588408
      },
      "rotation": {
        "x": -0.27984814233312133,
        "y": 0.3647051996310009,
        "z": 0.11591689595929512,
        "w": 0.8804762392171493
      },
      "viewCenter": {
        "x": 0,
        "y": 0,
        "z": 0
      },
      "contentRect": {
        "x": 0,
        "y": 0,
        "width": 1298,
        "height": 1748
      },
      "scale": 1
    },
    "461d1694-ebed-488b-b84c-303010e03d15": {
      "position": {
        "x": 8.208683469588415,
        "y": 8.208683469588408,
        "z": 8.208683469588408
      },
      "rotation": {
        "x": -0.27984814233312133,
        "y": 0.3647051996310009,
        "z": 0.11591689595929512,
        "w": 0.8804762392171493
      },
      "viewCenter": {
        "x": 0,
        "y": 0,
        "z": 0
      },
      "contentRect": {
        "x": 0,
        "y": 0,
        "width": 1298,
        "height": 1748
      },
      "scale": 1
    },
    "b45336fc-c2c0-492c-9719-ec602b81527c": {
      "position": {
        "x": 1751.1858068455278,
        "y": 1751.1858068455276,
        "z": 1751.1858068455272
      },
      "rotation": {
        "x": -0.27984814233312133,
        "y": 0.3647051996310009,
        "z": 0.11591689595929512,
        "w": 0.8804762392171493
      },
      "viewCenter": {
        "x": 0,
        "y": 0,
        "z": 0
      },
      "contentRect": {
        "x": 0,
        "y": 0,
        "width": 1298,
        "height": 1748
      },
      "scale": 1
    },
    "81811c80-a7a2-4298-b388-57d685d9ef66": {
      "position": {
        "x": 8.208683469588415,
        "y": 8.208683469588408,
        "z": 8.208683469588408
      },
      "rotation": {
        "x": -0.27984814233312133,
        "y": 0.3647051996310009,
        "z": 0.11591689595929512,
        "w": 0.8804762392171493
      },
      "viewCenter": {
        "x": 0,
        "y": 0,
        "z": 0
      },
      "contentRect": {
        "x": 0,
        "y": 0,
        "width": 1298,
        "height": 1748
      },
      "scale": 1
    },
    "89803c5c-01ac-4f81-8dd8-09be4d847a80": {
      "position": {
        "x": 8.208683469588415,
        "y": 8.208683469588408,
        "z": 8.208683469588408
      },
      "rotation": {
        "x": -0.27984814233312133,
        "y": 0.3647051996310009,
        "z": 0.11591689595929512,
        "w": 0.8804762392171493
      },
      "viewCenter": {
        "x": 0,
        "y": 0,
        "z": 0
      },
      "contentRect": {
        "x": 0,
        "y": 0,
        "width": 1298,
        "height": 1748
      },
      "scale": 1
    },
    "1a4d988b-4f4c-4cc9-bc75-8684d1263454": {
      "position": {
        "x": 1751.185806911373,
        "y": 1751.1858069113725,
        "z": 1751.1858069113723
      },
      "rotation": {
        "x": -0.27984814233312133,
        "y": 0.3647051996310009,
        "z": 0.11591689595929512,
        "w": 0.8804762392171493
      },
      "viewCenter": {
        "x": 0,
        "y": 0,
        "z": 0
      },
      "contentRect": {
        "x": 0,
        "y": 0,
        "width": 1298,
        "height": 1748
      },
      "scale": 1
    },
    "efe0adb0-5d93-44ff-8003-1eb315224117": {
      "position": {
        "x": 8.208683469588323,
        "y": 8.208683469588323,
        "z": 8.208683469588323
      },
      "rotation": {
        "x": -0.27984814233312133,
        "y": 0.3647051996310009,
        "z": 0.11591689595929512,
        "w": 0.8804762392171493
      },
      "viewCenter": {
        "x": 0,
        "y": 0,
        "z": 0
      },
      "contentRect": {
        "x": 0,
        "y": 0,
        "width": 1298,
        "height": 1748
      },
      "scale": 1
    },
    "8d958bae-41db-438d-b911-61058c1624be": {
      "position": {
        "x": 8.208683469585935,
        "y": 8.208683469585935,
        "z": 8.208683469585935
      },
      "rotation": {
        "x": -0.27984814233312133,
        "y": 0.3647051996310009,
        "z": 0.11591689595929512,
        "w": 0.8804762392171493
      },
      "viewCenter": {
        "x": 0,
        "y": 0,
        "z": 0
      },
      "contentRect": {
        "x": 0,
        "y": 0,
        "width": 1388,
        "height": 1748
      },
      "scale": 1
    },